original_file_name,anonimized_file_name
simulated_dataset_delayed_sub1.jpg,subject_5527.jpg
simulated_dataset_delayed_sub10.jpg,subject_7765.jpg
simulated_dataset_delayed_sub11.jpg,subject_4053.jpg
simulated_dataset_delayed_sub12.jpg,subject_9176.jpg
simulated_dataset_delayed_sub13.jpg,subject_2027.jpg
simulated_dataset_delayed_sub14.jpg,subject_4634.jpg
simulated_dataset_delayed_sub15.jpg,subject_1774.jpg
simulated_dataset_delayed_sub16.jpg,subject_6030.jpg
simulated_dataset_delayed_sub17.jpg,subject_4936.jpg
simulated_dataset_delayed_sub18.jpg,subject_4782.jpg
simulated_dataset_delayed_sub19.jpg,subject_4910.jpg
simulated_dataset_delayed_sub2.jpg,subject_4961.jpg
simulated_dataset_delayed_sub20.jpg,subject_2417.jpg
simulated_dataset_delayed_sub21.jpg,subject_1264.jpg
simulated_dataset_delayed_sub22.jpg,subject_6074.jpg
simulated_dataset_delayed_sub23.jpg,subject_8685.jpg
simulated_dataset_delayed_sub24.jpg,subject_5481.jpg
simulated_dataset_delayed_sub25.jpg,subject_3157.jpg
simulated_dataset_delayed_sub26.jpg,subject_8556.jpg
simulated_dataset_delayed_sub27.jpg,subject_2898.jpg
simulated_dataset_delayed_sub28.jpg,subject_4799.jpg
simulated_dataset_delayed_sub29.jpg,subject_9860.jpg
simulated_dataset_delayed_sub3.jpg,subject_4619.jpg
simulated_dataset_delayed_sub30.jpg,subject_8931.jpg
simulated_dataset_delayed_sub31.jpg,subject_4890.jpg
simulated_dataset_delayed_sub32.jpg,subject_2531.jpg
simulated_dataset_delayed_sub33.jpg,subject_9832.jpg
simulated_dataset_delayed_sub34.jpg,subject_3611.jpg
simulated_dataset_delayed_sub35.jpg,subject_9873.jpg
simulated_dataset_delayed_sub36.jpg,subject_7580.jpg
simulated_dataset_delayed_sub37.jpg,subject_8734.jpg
simulated_dataset_delayed_sub38.jpg,subject_6147.jpg
simulated_dataset_delayed_sub39.jpg,subject_8397.jpg
simulated_dataset_delayed_sub4.jpg,subject_7079.jpg
simulated_dataset_delayed_sub40.jpg,subject_1464.jpg
simulated_dataset_delayed_sub41.jpg,subject_2945.jpg
simulated_dataset_delayed_sub42.jpg,subject_3653.jpg
simulated_dataset_delayed_sub43.jpg,subject_5936.jpg
simulated_dataset_delayed_sub44.jpg,subject_9287.jpg
simulated_dataset_delayed_sub45.jpg,subject_8380.jpg
simulated_dataset_delayed_sub46.jpg,subject_2773.jpg
simulated_dataset_delayed_sub47.jpg,subject_6343.jpg
simulated_dataset_delayed_sub48.jpg,subject_6309.jpg
simulated_dataset_delayed_sub49.jpg,subject_7766.jpg
simulated_dataset_delayed_sub5.jpg,subject_9688.jpg
simulated_dataset_delayed_sub50.jpg,subject_8643.jpg
simulated_dataset_delayed_sub6.jpg,subject_2173.jpg
simulated_dataset_delayed_sub7.jpg,subject_3334.jpg
simulated_dataset_delayed_sub8.jpg,subject_5043.jpg
simulated_dataset_delayed_sub9.jpg,subject_6941.jpg
simulated_dataset_normal_sub1.jpg,subject_4146.jpg
simulated_dataset_normal_sub10.jpg,subject_2207.jpg
simulated_dataset_normal_sub11.jpg,subject_2245.jpg
simulated_dataset_normal_sub12.jpg,subject_8481.jpg
simulated_dataset_normal_sub13.jpg,subject_6568.jpg
simulated_dataset_normal_sub14.jpg,subject_2731.jpg
simulated_dataset_normal_sub15.jpg,subject_9563.jpg
simulated_dataset_normal_sub16.jpg,subject_3825.jpg
simulated_dataset_normal_sub17.jpg,subject_5618.jpg
simulated_dataset_normal_sub18.jpg,subject_6042.jpg
simulated_dataset_normal_sub19.jpg,subject_7528.jpg
simulated_dataset_normal_sub2.jpg,subject_2216.jpg
simulated_dataset_normal_sub20.jpg,subject_6755.jpg
simulated_dataset_normal_sub21.jpg,subject_4966.jpg
simulated_dataset_normal_sub22.jpg,subject_5656.jpg
simulated_dataset_normal_sub23.jpg,subject_5199.jpg
simulated_dataset_normal_sub24.jpg,subject_2709.jpg
simulated_dataset_normal_sub25.jpg,subject_3045.jpg
simulated_dataset_normal_sub26.jpg,subject_5330.jpg
simulated_dataset_normal_sub27.jpg,subject_1237.jpg
simulated_dataset_normal_sub28.jpg,subject_5858.jpg
simulated_dataset_normal_sub29.jpg,subject_6670.jpg
simulated_dataset_normal_sub3.jpg,subject_4059.jpg
simulated_dataset_normal_sub30.jpg,subject_4870.jpg
simulated_dataset_normal_sub31.jpg,subject_5272.jpg
simulated_dataset_normal_sub32.jpg,subject_2238.jpg
simulated_dataset_normal_sub33.jpg,subject_7708.jpg
simulated_dataset_normal_sub34.jpg,subject_7683.jpg
simulated_dataset_normal_sub35.jpg,subject_1895.jpg
simulated_dataset_normal_sub36.jpg,subject_8390.jpg
simulated_dataset_normal_sub37.jpg,subject_6297.jpg
simulated_dataset_normal_sub38.jpg,subject_5557.jpg
simulated_dataset_normal_sub39.jpg,subject_3514.jpg
simulated_dataset_normal_sub4.jpg,subject_5384.jpg
simulated_dataset_normal_sub40.jpg,subject_3118.jpg
simulated_dataset_normal_sub41.jpg,subject_7264.jpg
simulated_dataset_normal_sub42.jpg,subject_3159.jpg
simulated_dataset_normal_sub43.jpg,subject_1597.jpg
simulated_dataset_normal_sub44.jpg,subject_9447.jpg
simulated_dataset_normal_sub45.jpg,subject_1382.jpg
simulated_dataset_normal_sub46.jpg,subject_4291.jpg
simulated_dataset_normal_sub47.jpg,subject_8428.jpg
simulated_dataset_normal_sub48.jpg,subject_6342.jpg
simulated_dataset_normal_sub49.jpg,subject_4993.jpg
simulated_dataset_normal_sub5.jpg,subject_4856.jpg
simulated_dataset_normal_sub50.jpg,subject_6819.jpg
simulated_dataset_normal_sub6.jpg,subject_6745.jpg
simulated_dataset_normal_sub7.jpg,subject_5362.jpg
simulated_dataset_normal_sub8.jpg,subject_5577.jpg
simulated_dataset_normal_sub9.jpg,subject_4008.jpg
simulated_dataset_reduced_delayed_sub1.jpg,subject_8444.jpg
simulated_dataset_reduced_delayed_sub10.jpg,subject_3438.jpg
simulated_dataset_reduced_delayed_sub11.jpg,subject_9126.jpg
simulated_dataset_reduced_delayed_sub12.jpg,subject_9552.jpg
simulated_dataset_reduced_delayed_sub13.jpg,subject_8194.jpg
simulated_dataset_reduced_delayed_sub14.jpg,subject_8051.jpg
simulated_dataset_reduced_delayed_sub15.jpg,subject_5133.jpg
simulated_dataset_reduced_delayed_sub16.jpg,subject_4895.jpg
simulated_dataset_reduced_delayed_sub17.jpg,subject_2149.jpg
simulated_dataset_reduced_delayed_sub18.jpg,subject_8352.jpg
simulated_dataset_reduced_delayed_sub19.jpg,subject_3856.jpg
simulated_dataset_reduced_delayed_sub2.jpg,subject_8366.jpg
simulated_dataset_reduced_delayed_sub20.jpg,subject_7310.jpg
simulated_dataset_reduced_delayed_sub21.jpg,subject_4211.jpg
simulated_dataset_reduced_delayed_sub22.jpg,subject_8800.jpg
simulated_dataset_reduced_delayed_sub23.jpg,subject_8891.jpg
simulated_dataset_reduced_delayed_sub24.jpg,subject_2298.jpg
simulated_dataset_reduced_delayed_sub25.jpg,subject_1402.jpg
simulated_dataset_reduced_delayed_sub26.jpg,subject_2498.jpg
simulated_dataset_reduced_delayed_sub27.jpg,subject_8770.jpg
simulated_dataset_reduced_delayed_sub28.jpg,subject_8612.jpg
simulated_dataset_reduced_delayed_sub29.jpg,subject_1285.jpg
simulated_dataset_reduced_delayed_sub3.jpg,subject_8584.jpg
simulated_dataset_reduced_delayed_sub30.jpg,subject_2109.jpg
simulated_dataset_reduced_delayed_sub31.jpg,subject_1265.jpg
simulated_dataset_reduced_delayed_sub32.jpg,subject_6643.jpg
simulated_dataset_reduced_delayed_sub33.jpg,subject_4090.jpg
simulated_dataset_reduced_delayed_sub34.jpg,subject_1215.jpg
simulated_dataset_reduced_delayed_sub35.jpg,subject_3367.jpg
simulated_dataset_reduced_delayed_sub36.jpg,subject_4900.jpg
simulated_dataset_reduced_delayed_sub37.jpg,subject_3994.jpg
simulated_dataset_reduced_delayed_sub38.jpg,subject_7661.jpg
simulated_dataset_reduced_delayed_sub39.jpg,subject_2381.jpg
simulated_dataset_reduced_delayed_sub4.jpg,subject_6601.jpg
simulated_dataset_reduced_delayed_sub40.jpg,subject_5075.jpg
simulated_dataset_reduced_delayed_sub41.jpg,subject_9474.jpg
simulated_dataset_reduced_delayed_sub42.jpg,subject_3274.jpg
simulated_dataset_reduced_delayed_sub43.jpg,subject_3947.jpg
simulated_dataset_reduced_delayed_sub44.jpg,subject_7323.jpg
simulated_dataset_reduced_delayed_sub45.jpg,subject_2728.jpg
simulated_dataset_reduced_delayed_sub46.jpg,subject_8935.jpg
simulated_dataset_reduced_delayed_sub47.jpg,subject_7819.jpg
simulated_dataset_reduced_delayed_sub48.jpg,subject_3136.jpg
simulated_dataset_reduced_delayed_sub49.jpg,subject_2025.jpg
simulated_dataset_reduced_delayed_sub5.jpg,subject_8653.jpg
simulated_dataset_reduced_delayed_sub50.jpg,subject_6273.jpg
simulated_dataset_reduced_delayed_sub6.jpg,subject_6218.jpg
simulated_dataset_reduced_delayed_sub7.jpg,subject_7099.jpg
simulated_dataset_reduced_delayed_sub8.jpg,subject_6589.jpg
simulated_dataset_reduced_delayed_sub9.jpg,subject_4962.jpg
simulated_dataset_reduced_sub1.jpg,subject_1522.jpg
simulated_dataset_reduced_sub10.jpg,subject_7301.jpg
simulated_dataset_reduced_sub11.jpg,subject_3146.jpg
simulated_dataset_reduced_sub12.jpg,subject_1440.jpg
simulated_dataset_reduced_sub13.jpg,subject_7553.jpg
simulated_dataset_reduced_sub14.jpg,subject_2632.jpg
simulated_dataset_reduced_sub15.jpg,subject_3779.jpg
simulated_dataset_reduced_sub16.jpg,subject_2886.jpg
simulated_dataset_reduced_sub17.jpg,subject_6983.jpg
simulated_dataset_reduced_sub18.jpg,subject_2121.jpg
simulated_dataset_reduced_sub19.jpg,subject_8431.jpg
simulated_dataset_reduced_sub2.jpg,subject_4750.jpg
simulated_dataset_reduced_sub20.jpg,subject_3507.jpg
simulated_dataset_reduced_sub21.jpg,subject_2691.jpg
simulated_dataset_reduced_sub22.jpg,subject_8393.jpg
simulated_dataset_reduced_sub23.jpg,subject_7046.jpg
simulated_dataset_reduced_sub24.jpg,subject_9961.jpg
simulated_dataset_reduced_sub25.jpg,subject_6339.jpg
simulated_dataset_reduced_sub26.jpg,subject_4618.jpg
simulated_dataset_reduced_sub27.jpg,subject_7434.jpg
simulated_dataset_reduced_sub28.jpg,subject_8206.jpg
simulated_dataset_reduced_sub29.jpg,subject_4667.jpg
simulated_dataset_reduced_sub3.jpg,subject_5947.jpg
simulated_dataset_reduced_sub30.jpg,subject_6105.jpg
simulated_dataset_reduced_sub31.jpg,subject_3211.jpg
simulated_dataset_reduced_sub32.jpg,subject_1291.jpg
simulated_dataset_reduced_sub33.jpg,subject_8673.jpg
simulated_dataset_reduced_sub34.jpg,subject_8651.jpg
simulated_dataset_reduced_sub35.jpg,subject_3429.jpg
simulated_dataset_reduced_sub36.jpg,subject_8308.jpg
simulated_dataset_reduced_sub37.jpg,subject_5886.jpg
simulated_dataset_reduced_sub38.jpg,subject_9907.jpg
simulated_dataset_reduced_sub39.jpg,subject_8839.jpg
simulated_dataset_reduced_sub4.jpg,subject_9619.jpg
simulated_dataset_reduced_sub40.jpg,subject_3311.jpg
simulated_dataset_reduced_sub41.jpg,subject_8828.jpg
simulated_dataset_reduced_sub42.jpg,subject_4144.jpg
simulated_dataset_reduced_sub43.jpg,subject_1544.jpg
simulated_dataset_reduced_sub44.jpg,subject_9921.jpg
simulated_dataset_reduced_sub45.jpg,subject_9567.jpg
simulated_dataset_reduced_sub46.jpg,subject_1150.jpg
simulated_dataset_reduced_sub47.jpg,subject_5737.jpg
simulated_dataset_reduced_sub48.jpg,subject_7210.jpg
simulated_dataset_reduced_sub49.jpg,subject_3734.jpg
simulated_dataset_reduced_sub5.jpg,subject_1535.jpg
simulated_dataset_reduced_sub50.jpg,subject_9562.jpg
simulated_dataset_reduced_sub6.jpg,subject_1784.jpg
simulated_dataset_reduced_sub7.jpg,subject_8694.jpg
simulated_dataset_reduced_sub8.jpg,subject_4468.jpg
simulated_dataset_reduced_sub9.jpg,subject_6517.jpg
